id;type;jeu;prix
1;Incredible functionalities fuchsia;infrastructure;16949
2;Maryland Configuration;Intranet Ergonomic Concrete Soap Zambian Kwacha;35864
3;Open-architected;FTP;74076
4;Belize Dollar Sudanese Pound real-time;protocol;41978
5;Synergistic Personal Loan Account Sleek;Borders;79829
6;deposit;extend Unbranded Fresh Pants Tools;57886
7;interfaces;Garden Dale Wallis and Futuna;28654
8;Utah Computers Small Fresh Gloves;Brunei Darussalam interface;82786
9;composite Orchestrator Club;Intelligent Granite Shirt Peru deposit;72609
10;Strategist;card Licensed Cotton Ball;43352
